 Название товара , Цена , Ссылка на товар 
Подвесной светильник Ферум Orange,5740,https://www.divan.ru/product/podvesnoj-svetilnik-ferum-orange
Светильник потолочный Ринга Black,4020,https://www.divan.ru/product/svetilnik-potolochnyj-ringa-black
Торшер Бьйорк White,12640,https://www.divan.ru/product/torsher-bjork-white
Подвесной светильник Тубули-5 Wood,14940,https://www.divan.ru/product/podvesnoj-svetilnik-tubuli-5-wood
Бра Смастен White,4590,https://www.divan.ru/product/bra-smasten-white
Настольная лампа Арвика Wood,6890,https://www.divan.ru/product/nastolnaya-lampa-arvika-wood
Подвесной светильник Инлада Wood,11490,https://www.divan.ru/product/podvesnoj-svetilnik-inlada-wood
Настольная лампа Алней Orange,4590,https://www.divan.ru/product/nastolnaya-lampa-alnej-orange
Подвесной светильник Намсен Black,12640,https://www.divan.ru/product/podvesnoj-svetilnik-namsen-black
Люстра Ливсден Brown,21840,https://www.divan.ru/product/lyustra-livsden-brown
Торшер Логмар Silver,20690,https://www.divan.ru/product/torsher-logmar-silver
Подвесной светильник Гронтри-1 Wood,16090,https://www.divan.ru/product/podvesnoj-svetilnik-grontri-1-wood
Бра Бракетт White,4590,https://www.divan.ru/product/bra-brakett-white
Подвесной светильник Отра Wood,19540,https://www.divan.ru/product/podvesnoj-svetilnik-otra-wood
Подвесной светильник Кронор Orange,9190,https://www.divan.ru/product/podvesnoj-svetilnik-kronor-orange
Светильник потолочный Орхус White,19540,https://www.divan.ru/product/svetilnik-potolochnyj-orhus-white
Подвесной светильник Рена Green,4590,https://www.divan.ru/product/podvesnoj-svetilnik-rena-green
Светильник потолочный Ринга White,4020,https://www.divan.ru/product/svetilnik-potolochnyj-ringa-white
Бра Берит Black,4590,https://www.divan.ru/product/bra-berit-black
Подвесной светильник Кронор Black,9190,https://www.divan.ru/product/podvesnoj-svetilnik-kronor-black
Настольная лампа Бьйорк White,4590,https://www.divan.ru/product/nastolnaya-lampa-bjork-white
Подвесной светильник Селау-2 Glass,4590,https://www.divan.ru/product/podvesnoj-svetilnik-selau-2-glass
Подвесной светильник Джамби Rattan,16090,https://www.divan.ru/product/podvesnoj-svetilnik-djambi-rattan
Бра Пинна Black,8040,https://www.divan.ru/product/bra-pinna-black
Подвесной светильник Бьйорк White,9190,https://www.divan.ru/product/podvesnoj-svetilnik-bjork-white
Торшер Осло Blue,20690,https://www.divan.ru/product/torsher-oslo-blue
Торшер Логмар Black,20690,https://www.divan.ru/product/torsher-logmar-black
Бра Бьйорк White,2870,https://www.divan.ru/product/bra-bjork-white
Подвесной светильник Арвика Wood,9190,https://www.divan.ru/product/podvesnoj-svetilnik-arvika-wood
Подвесной светильник Бенфлит Black,8040,https://www.divan.ru/product/podvesnoj-svetilnik-benflit-black
Светильник потолочный Орхус Black,19540,https://www.divan.ru/product/svetilnik-potolochnyj-orhus-black
Настольная лампа Требен Orange,3440,https://www.divan.ru/product/nastolnaya-lampa-treben-orange
Настольная лампа Сканди White,5400,https://www.divan.ru/product/nastolnaya-lampa-skandi-white
Подвесной светильник Ливсден Brown,5400,https://www.divan.ru/product/podvesnoj-svetilnik-livsden-brown
Подвесной светильник Бейла Black,6890,https://www.divan.ru/product/podvesnoj-svetilnik-bejla-black
Светильник потолочный Лаго White,12640,https://www.divan.ru/product/svetilnik-potolochnyj-lago-white
Подвесной светильник Чинкве Silver,6890,https://www.divan.ru/product/podvesnoj-svetilnik-chinkve-silver
Торшер Энкель Black,6890,https://www.divan.ru/product/torsher-enkel-black
Люстра Малинг Multi,20690,https://www.divan.ru/product/lyustra-maling-multi
Подвесной светильник Джамби-1 Rattan,11490,https://www.divan.ru/product/podvesnoj-svetilnik-djambi-1-rattan
Подвесной светильник Селау-1 Glass,5740,https://www.divan.ru/product/podvesnoj-svetilnik-selau-1-glass
Подвесной светильник Ферум Black,4590,https://www.divan.ru/product/podvesnoj-svetilnik-ferum-black
Бра Смастен Black,4590,https://www.divan.ru/product/bra-smasten-black
Подвесной светильник Кронор White,9190,https://www.divan.ru/product/podvesnoj-svetilnik-kronor-white
Подвесной светильник Тубули Wood,3100,https://www.divan.ru/product/podvesnoj-svetilnik-tubuli-wood
Настольная лампа Требен White,3440,https://www.divan.ru/product/nastolnaya-lampa-treben-white
Подвесной светильник Ферум Grey,3440,https://www.divan.ru/product/podvesnoj-svetilnik-ferum-grey
Подвесной светильник Квина Black,8040,https://www.divan.ru/product/podvesnoj-svetilnik-kvina-black
